Id,TagName,Count,ExcerptPostId,WikiPostId
1,comments,168,84634,84633
3,code-smell,121,133740,133739
4,programming-languages,1251,4802,4801
5,usage,8,NULL,NULL
7,business,120,109610,109609
8,project-management,812,48555,48554
9,development-process,593,143950,143949
11,performance,644,107405,107404
12,time-management,81,NULL,NULL
13,dynamic-typing,86,133802,133801
14,static-typing,65,NULL,NULL
16,team,202,166744,166743
23,waterfall,41,NULL,NULL
28,functional-programming,582,67239,67238
36,web-applications,827,104484,104483
38,hiring,58,48945,48944
40,resources,86,284751,284750
41,math,241,170221,170220
45,billing,16,NULL,NULL
46,freelancing,202,121103,121102
47,pricing,48,167443,167442
49,twitter,21,67236,67235
50,software,189,49001,49000
51,technology,36,168228,168227
52,books,120,49448,49447
53,actor-model,36,NULL,NULL
54,concurrency,248,179324,179323
55,code-quality,538,121323,121322
56,test-coverage,59,NULL,NULL
57,open-source,858,65197,65196
58,history,309,106197,106196
61,linux,245,47902,47901
62,kernel,27,NULL,NULL
63,resume,33,155248,155247
65,agile,917,54867,54866
67,project-hosting,23,NULL,NULL
71,productivity,345,54813,54812
76,java,3881,43376,43375
78,python,1324,47876,47875
82,applications,85,145717,145716
83,tools,108,71900,71899
85,employment,9,179319,179318
87,telecommuting,11,232501,232500
89,self-improvement,234,70109,70108
91,websites,156,75373,75372
92,organization,103,150077,150076
94,technique,25,NULL,NULL
96,social,11,NULL,NULL
102,language-design,404,143965,143964
104,syntax,165,73291,73290
105,learning,357,55779,55778
109,regular-expressions,77,236429,236428
110,web-development,1301,54503,54502
111,ide,128,47756,47755
114,windows,276,144317,144316
117,goto,13,NULL,NULL
118,programming-practices,1286,134613,134612
119,operating-systems,168,133804,133803
120,managed-code,10,NULL,NULL
121,stereotypes,2,NULL,NULL
126,behavior,18,289073,289072
130,language-agnostic,461,48538,48537
131,features,28,NULL,NULL
132,estimation,168,168232,168231
133,indentation,26,NULL,NULL
136,coding,82,40776,40775
140,computer-science,172,135834,135833
141,php,1762,2990,2989
142,skills,158,45205,45204
144,languages,82,145713,145712
145,database-development,84,NULL,NULL
146,spring,183,91928,91927
147,sql,543,47894,47893
150,list,75,NULL,NULL
151,reference,49,155213,155212
157,unit-testing,1215,47892,47891
158,testing,1053,49179,49178
159,acceptance-testing,79,234977,234976
164,software-patent,16,NULL,NULL
167,internet-explorer,25,NULL,NULL
168,mac,38,132476,132475
169,deployment,237,144322,144321
170,physics,14,NULL,NULL
174,hardware,120,167436,167435
178,paradigms,84,133753,133752
180,macros,37,167348,167347
187,logging,177,206948,206947
188,.net,1175,40766,40765
189,text-editor,41,NULL,NULL
190,ethics,88,94951,94950
191,motivation,34,64504,64503
192,testers,8,NULL,NULL
194,sales,22,NULL,NULL
198,architect,11,NULL,NULL
200,paas,7,344855,344854
201,passwords,78,114189,114188
202,security,664,143952,143951
208,gpl,494,133716,133715
211,apple,41,179342,179341
212,cpu,85,143646,143645
214,iphone,130,67860,67859
215,mobile,252,155236,155235
216,marketing,19,232541,232540
220,government,6,NULL,NULL
224,saml,5,NULL,NULL
226,asp.net,553,47888,47887
229,object-oriented,2323,113571,113570
230,aspect-oriented,35,218787,218786
231,adfsv2,2,NULL,NULL
234,sso,19,214484,214483
236,code-reuse,137,182190,182189
239,uml,345,135578,135577
242,iterative-development,16,NULL,NULL
243,experience,93,105693,105692
246,code-contracts,10,209193,209192
249,c#,3478,6620,6619
250,vb.net,124,40771,40770
251,scheme,55,151669,151668
252,lisp,109,72690,72689
255,error-messages,43,NULL,NULL
258,etymology,28,80646,80645
264,vim,15,51654,51653
266,prediction,8,NULL,NULL
267,culture,28,275360,275359
268,emacs,18,72687,72686
270,google,70,179330,179329
271,search-engine,45,NULL,NULL
274,focus,2,309677,309676
277,flowchart,25,NULL,NULL
279,coding-standards,448,124397,124396
280,interview,291,99225,99224
281,browser,83,133746,133745
282,front-end,80,NULL,NULL
285,spoken-languages,22,NULL,NULL
287,html,367,54806,54805
288,css,246,74471,74470
294,management,229,100104,100103
300,erp,20,230273,230272
301,users,64,NULL,NULL
304,openid,17,NULL,NULL
311,algorithms,1847,64486,64485
312,complexity,170,261782,261781
315,jargon,13,NULL,NULL
318,project,119,135348,135347
335,stackoverflow,10,210828,210827
336,mistakes,14,NULL,NULL
338,language-features,122,236199,236198
340,joel-test,12,40769,40768
341,code-complete,15,144258,144257
344,mvc,790,77703,77702
347,development-cycle,5,NULL,NULL
348,release,71,NULL,NULL
351,health,3,234129,234128
353,ideology,2,NULL,NULL
354,economics,11,NULL,NULL
355,profession,5,NULL,NULL
357,scrum,601,47900,47899
359,version-control,813,44143,44142
362,free-time,13,48943,48942
363,communication,197,170216,170215
365,visual-studio-2010,50,40784,40783
367,pseudocode,30,NULL,NULL
374,builds,151,165799,165798
375,meetings,25,NULL,NULL
377,comparison,99,309354,309353
378,problem-solving,77,179336,179335
380,recognition,11,NULL,NULL
383,scope-creep,3,NULL,NULL
384,decisions,27,NULL,NULL
385,social-networks,30,NULL,NULL
388,solo-development,58,145711,145710
390,cobol,16,144199,144198
391,design-patterns,2935,49029,49028
392,singleton,105,NULL,NULL
394,teaching,12,55781,55780
395,fonts,14,NULL,NULL
399,pair-programming,51,72692,72691
404,artificial-intelligence,122,136902,136901
407,philosophy,29,NULL,NULL
408,code-reviews,277,48551,48550
409,frameworks,269,56044,56043
413,contribution,23,167019,167018
414,variables,167,271388,271387
416,product-names,4,NULL,NULL
417,time,69,NULL,NULL
421,operators,74,229038,229037
422,f#,69,53691,53690
427,bad-code,24,NULL,NULL
429,terminology,599,75887,75886
430,inheritance,386,179346,179345
431,versioning,207,142389,142388
432,semantics,60,NULL,NULL
437,scalability,146,137156,137155
441,pointers,120,144195,144194
444,osx,24,NULL,NULL
447,iterator,52,NULL,NULL
450,parallelism,66,NULL,NULL
451,exceptions,345,132611,132610
453,product,18,NULL,NULL
457,statistics,51,NULL,NULL
459,actionscript,19,95833,95832
467,feedback,14,NULL,NULL
469,etiquette,26,NULL,NULL
470,portability,38,NULL,NULL
471,ruby-on-rails,253,47896,47895
472,jquery,202,48546,48545
477,education,124,67592,67591
478,software-craftsmanship,13,131728,131727
480,training,44,135391,135390
482,c,1050,47890,47889
483,objective-c,191,84230,84229
484,cms,66,133743,133742
485,scripting,116,167531,167530
488,outsourcing,38,NULL,NULL
491,scala,211,67356,67355
492,migration,74,352124,352123
494,information,30,NULL,NULL
495,overload,12,285385,285384
498,wpf,194,61604,61603
499,standardization,27,193405,193404
501,beta,13,167017,167016
502,ruby,269,65504,65503
503,google-app-engine,56,179354,179353
506,virtualization,28,NULL,NULL
508,c++,2050,47827,47826
511,go,88,84960,84959
527,maintenance,191,112005,112004
529,research,44,NULL,NULL
530,vulnerabilities,12,NULL,NULL
533,senior-developer,13,NULL,NULL
536,tracking,19,NULL,NULL
539,file-structure,66,NULL,NULL
541,minimal-requirements,3,NULL,NULL
544,top-companies,2,NULL,NULL
548,structural-programming,3,NULL,NULL
551,credits,8,NULL,NULL
557,mainframe,12,190042,190041
558,intel,9,NULL,NULL
559,errors,45,NULL,NULL
560,nosql,163,133784,133783
561,bash,33,145045,145044
563,perl,69,74424,74423
566,xml,235,133726,133725
567,documentation,520,121107,121106
571,mocking,127,140437,140436
573,challenge,4,NULL,NULL
574,articles,6,NULL,NULL
575,sorting,170,294301,294300
577,media,7,NULL,NULL
579,refactoring,547,43062,43061
580,mysql,418,115462,115461
581,declarative-programming,19,NULL,NULL
584,shortcuts,4,NULL,NULL
587,financial,22,NULL,NULL
590,development-methodologies,116,NULL,NULL
591,oracle,61,136287,136286
595,failure,18,NULL,NULL
598,libraries,290,135899,135898
599,collaboration,77,NULL,NULL
602,orm,212,133729,133728
603,django,157,133796,133795
604,javafx,33,206742,206741
608,recruiting,13,206944,206943
609,design,3368,79295,79294
615,web-tools,3,NULL,NULL
617,syntax-highlight,9,NULL,NULL
619,writing,19,235310,235309
622,multi-core,25,NULL,NULL
626,data-types,99,NULL,NULL
627,cowboy-coding,9,NULL,NULL
628,visual-basic,24,179513,179512
633,budget,11,NULL,NULL
638,plugins,56,NULL,NULL
639,mercurial,106,124389,124388
641,distributed-computing,109,NULL,NULL
643,basic,12,40782,40781
644,contract,51,167341,167340
646,interruptions,2,NULL,NULL
649,stories,10,NULL,NULL
650,product-owner,32,187020,187019
651,microsoft,77,138444,138443
655,delphi,62,83023,83022
659,load-testing,12,194994,194993
660,notepad++,4,49266,49265
661,customer-relations,47,NULL,NULL
667,platforms,12,NULL,NULL
669,wcf,158,135197,135196
671,puzzles,15,280093,280092
673,cryptography,42,NULL,NULL
676,support,31,NULL,NULL
680,conditions,91,NULL,NULL
681,naming,463,136276,136275
682,github,275,164691,164690
687,optimization,295,135919,135918
688,jit,30,167602,167601
690,prototyping,63,179507,179506
691,automation,86,167529,167528
693,pronunciation,5,NULL,NULL
694,functions,201,158159,158158
696,implementations,64,NULL,NULL
700,bsd,14,NULL,NULL
703,industry,14,NULL,NULL
704,computer-architecture,46,358597,358596
717,changes,25,NULL,NULL
728,services,82,NULL,NULL
730,jdbc,25,276058,276057
732,mono,32,67234,67233
734,eclipse,56,47904,47903
735,visual-studio,217,71128,71127
736,distributed-development,31,NULL,NULL
738,free-software,43,154470,154469
740,binary,72,NULL,NULL
742,code-generation,45,NULL,NULL
746,requirements,280,111999,111998
748,azure,99,216861,216860
751,amazon-ec2,19,NULL,NULL
755,javascript,1712,47886,47885
756,programming-logic,47,232519,232518
761,language-choice,31,167357,167356
762,cross-platform,123,136730,136729
765,enterprise-architecture,199,171600,171599
768,software-updates,54,NULL,NULL
772,forward-compatibility,3,NULL,NULL
775,workflows,201,179317,179316
781,obfuscation,24,NULL,NULL
785,hacking,20,NULL,NULL
787,silverlight,70,47913,47912
788,formal-methods,13,NULL,NULL
790,architecture,1986,112001,112000
791,gui,200,64506,64505
798,personal-projects,51,143983,143982
802,user-group,6,NULL,NULL
803,community,17,NULL,NULL
808,strings,162,302180,302179
809,debugging,202,136113,136112
811,knowledge,18,168230,168229
813,dvcs,65,131988,131987
815,sharepoint,15,NULL,NULL
817,coding-style,795,121325,121324
818,kanban,37,81793,81792
819,quality-attributes,12,NULL,NULL
829,entity,69,NULL,NULL
834,modules,102,NULL,NULL
837,ipad,18,NULL,NULL
838,games,19,NULL,NULL
840,copyright,179,167339,167338
845,professionalism,22,NULL,NULL
847,database,1431,49032,49031
848,sequence,18,NULL,NULL
849,product-features,25,NULL,NULL
855,lgpl,122,182192,182191
856,composition,104,NULL,NULL
857,headers,58,NULL,NULL
868,time-stamp,8,NULL,NULL
869,legal,257,67915,67914
871,relationships,32,NULL,NULL
872,smalltalk,16,288986,288985
873,web,191,166753,166752
874,soa,135,132944,132943
876,time-tracking,17,NULL,NULL
879,third-party-libraries,85,NULL,NULL
883,clean-code,247,179359,179358
886,jruby,7,NULL,NULL
887,groovy,29,117777,117776
889,jvm,64,190602,190601
890,iis7,7,NULL,NULL
892,codeplex,5,NULL,NULL
897,db2,10,NULL,NULL
898,mind-mapping,5,NULL,NULL
899,anti-patterns,167,161518,161517
900,tips,7,NULL,NULL
901,web-2.0,3,NULL,NULL
903,labels,6,NULL,NULL
905,specifications,137,165867,165866
907,big-o,111,232742,232741
910,email,93,NULL,NULL
913,static-analysis,43,204687,204686
914,hungarian,8,NULL,NULL
915,notation,23,NULL,NULL
919,internationalization,84,146907,146906
920,entity-framework,267,58763,58762
921,message-queue,112,NULL,NULL
927,elance,3,NULL,NULL
928,side-effect,28,NULL,NULL
929,reverse-engineering,30,234185,234184
931,async,105,NULL,NULL
933,assertions,32,138954,138953
935,meta-programming,26,235354,235353
947,switch-statement,41,NULL,NULL
948,netbeans,17,131445,131444
950,end-user-programming,3,NULL,NULL
954,html5,178,135532,135531
955,flash,33,NULL,NULL
956,unicode,48,49669,49668
957,ajax,176,54810,54809
958,trac,5,NULL,NULL
959,construction,15,NULL,NULL
962,planning,130,167021,167020
963,interpreters,76,NULL,NULL
968,performance-tools,2,NULL,NULL
969,stress-testing,3,194992,194991
971,wordpress,29,284717,284716
972,sprint,75,205805,205804
973,sap,5,151814,151813
974,abap,3,179549,179548
978,downtime,5,NULL,NULL
980,domain-model,199,209000,208999
981,remote-desktop,6,232503,232502
983,profiling,32,NULL,NULL
988,code-formatting,50,263416,263415
993,seo,18,NULL,NULL
995,clang,12,123982,123981
996,llvm,11,139857,139856
997,specialization,6,NULL,NULL
998,sql-server,268,133722,133721
1000,mfc,10,NULL,NULL
1001,qt,84,205269,205268
1002,ui,85,182197,182196
1003,directx,6,293808,293807
1004,opengl,56,132954,132953
1005,web-framework,74,NULL,NULL
1007,case-studies,7,NULL,NULL
1008,api,736,47906,47905
1010,grammar,49,NULL,NULL
1018,utilities,11,NULL,NULL
1020,hosting,26,NULL,NULL
1021,web-hosting,25,NULL,NULL
1022,identity,32,NULL,NULL
1024,lean,17,81788,81787
1025,installer,40,NULL,NULL
1026,dependency-analysis,16,336861,336860
1027,project-structure,132,NULL,NULL
1037,web-services,507,132604,132603
1038,etl,21,123944,123943
1040,selenium,48,229008,229007
1041,gwt,21,NULL,NULL
1042,android,486,49454,49453
1043,workaround,3,NULL,NULL
1044,vaadin,2,258424,258423
1046,keyboard-shortcuts,5,NULL,NULL
1051,jpa,40,NULL,NULL
1053,usage-statistics,9,NULL,NULL
1054,benchmarking,31,NULL,NULL
1055,ms-pl,8,NULL,NULL
1057,graphics,86,NULL,NULL
1058,diagrams,97,NULL,NULL
1059,efficiency,157,149572,149571
1061,cluster,40,NULL,NULL
1062,visual-basic-6,16,40774,40773
1066,deadlines,17,232727,232726
1069,access-modifiers,29,NULL,NULL
1070,encryption,107,NULL,NULL
1073,paying,6,NULL,NULL
1074,methods,134,NULL,NULL
1076,desktop,6,NULL,NULL
1082,presentation,24,NULL,NULL
1083,product-management,17,289537,289536
1087,abstraction,154,179350,179349
1088,environment,23,NULL,NULL
1090,recursion,139,NULL,NULL
1092,jsp,37,167540,167539
1093,site-blocking,3,NULL,NULL
1095,nhibernate,31,NULL,NULL
1098,tdd,514,74728,74727
1099,foss,24,147907,147906
1102,intellij,10,NULL,NULL
1103,validation,182,150276,150275
1104,control-structures,32,234334,234333
1107,facebook,30,130406,130405
1109,software-as-a-service,60,179505,179504
1110,teamwork,329,109608,109607
1112,domain-driven-design,693,179326,179325
1113,solid,214,105468,105467
1114,pragmatism,11,NULL,NULL
1115,assembly,135,179338,179337
1116,low-level,62,227976,227975
1118,branching,181,167015,167014
1119,scheduling,87,NULL,NULL
1122,configuration,138,167013,167012
1123,gantt-chart,3,NULL,NULL
1124,e-commerce,55,179515,179514
1128,rest,901,133736,133735
1130,accessibility,11,339906,339905
1132,mockups,7,NULL,NULL
1133,quality,114,NULL,NULL
1137,access,16,NULL,NULL
1139,entrepreneurship,7,NULL,NULL
1143,chrome,29,147025,147024
1144,theory,142,179328,179327
1145,type-casting,54,171465,171464
1147,rdbms,47,NULL,NULL
1148,persistence,86,229036,229035
1149,xaml,30,134217,134216
1151,monodroid,6,NULL,NULL
1153,apache,54,284713,284712
1155,time-estimation,47,172864,172863
1157,linq,76,133807,133806
1158,lambda,67,352133,352132
1160,wiki,16,NULL,NULL
1161,redmine,6,237490,237489
1162,advantages,3,NULL,NULL
1163,technical-debt,60,130666,130665
1164,ios,358,55121,55120
1165,team-leader,63,40778,40777
1170,team-building,18,NULL,NULL
1171,activity,16,NULL,NULL
1173,diff,19,NULL,NULL
1175,erlang,37,124157,124156
1176,symbian,2,NULL,NULL
1177,gui-design,22,NULL,NULL
1178,enum,92,166713,166712
1183,sdlc,71,199622,199621
1185,delimited-files,3,NULL,NULL
1186,file-handling,123,167536,167535
1188,stored-procedures,52,NULL,NULL
1189,packages,104,233975,233974
1191,product-design,3,NULL,NULL
1193,metrics,77,NULL,NULL
1194,web-browser,18,NULL,NULL
1195,terms-of-service,10,NULL,NULL
1197,internet,30,NULL,NULL
1198,myth,3,NULL,NULL
1199,messaging,47,NULL,NULL
1201,pubsub,25,340237,340236
1202,middleware,28,207375,207374
1207,distribution,44,194933,194932
1209,haskell,232,72650,72649
1214,ebook,8,NULL,NULL
1222,data,305,196638,196637
1223,usability,31,178418,178417
1226,professional-development,12,NULL,NULL
1237,enterprise-development,43,352126,352125
1243,cassandra,21,NULL,NULL
1246,review,23,NULL,NULL
1247,mentor,9,NULL,NULL
1249,manuals,5,NULL,NULL
1250,production,57,NULL,NULL
1251,legacy,96,99221,99220
1252,dll,39,NULL,NULL
1253,ansi,7,229742,229741
1255,iso,18,NULL,NULL
1257,captcha,8,337636,337635
1259,reinventing-the-wheel,12,261857,261856
1260,unions,5,NULL,NULL
1261,code-organization,89,NULL,NULL
1265,svn,210,48844,48843
1266,attributes,16,NULL,NULL
1267,modeling,108,NULL,NULL
1269,networking,169,350691,350690
1273,software-evaluation,11,NULL,NULL
1274,mef,9,NULL,NULL
1275,code-layout,9,NULL,NULL
1276,whitespace,18,NULL,NULL
1280,user-control,13,NULL,NULL
1281,desktop-application,75,NULL,NULL
1282,robotics,8,234190,234189
1283,difference,18,NULL,NULL
1285,garbage-collection,91,238072,238071
1286,smart-pointer,26,317549,317548
1287,readability,163,119854,119853
1290,asp.net-mvc,487,86423,86422
1291,methodology,94,NULL,NULL
1294,user-interface,167,134617,134616
1296,porting,45,NULL,NULL
1301,winforms,94,166834,166833
1302,application-design,97,138781,138780
1310,pitfalls,5,NULL,NULL
1313,app,47,NULL,NULL
1315,invariants,15,167353,167352
1321,aesthetics,2,NULL,NULL
1322,declarative,8,NULL,NULL
1331,data-structures,675,134627,134626
1332,binary-tree,47,NULL,NULL
1333,idioms,31,NULL,NULL
1334,business-logic,117,NULL,NULL
1335,business-rules,47,NULL,NULL
1336,rules-and-constraints,33,NULL,NULL
1337,constructs,3,NULL,NULL
1338,documentation-generation,44,84905,84904
1339,wysiwyg,6,NULL,NULL
1343,visual-c++,17,NULL,NULL
1344,compiler,369,244548,244547
1345,design-principles,44,NULL,NULL
1346,data-mining,25,189071,189070
1348,nunit,15,131864,131863
1349,xhtml,16,NULL,NULL
1350,windows-phone-7,32,158719,158718
1351,licensing,1308,104482,104481
1354,mvvm,181,179348,179347
1356,system-reliability,10,NULL,NULL
1357,sockets,101,345003,345002
1366,import,18,NULL,NULL
1368,git,792,49054,49053
1370,bug,127,133718,133717
1377,encapsulation,145,NULL,NULL
1378,chart,8,NULL,NULL
1381,android-market,22,NULL,NULL
1384,clearcase,6,NULL,NULL
1385,mdd,11,232526,232525
1386,lazy-initialization,26,NULL,NULL
1387,type-systems,128,252223,252222
1390,flex,12,95835,95834
1391,bdd,104,103975,103974
1393,source-code,225,155251,155250
1396,handheld,2,NULL,NULL
1402,copy-paste-programming,7,NULL,NULL
1407,concepts,100,337092,337091
1408,software-schedules,5,NULL,NULL
1412,qa,97,80528,80527
1413,aptana,2,NULL,NULL
1416,zend-framework,45,133791,133790
1417,cakephp,16,171377,171376
1418,codeigniter,39,319738,319737
1422,imagemagick,3,NULL,NULL
1424,grails,22,139737,139736
1426,64-bit,18,NULL,NULL
1427,32-bit,12,NULL,NULL
1430,xcode,36,79405,79404
1434,dba,6,182188,182187
1437,publications,5,NULL,NULL
1439,gcc,29,300557,300556
1440,templates,100,NULL,NULL
1441,freeware,8,NULL,NULL
1442,pyqt4,8,NULL,NULL
1445,drupal,14,121111,121110
1448,technical-support,17,NULL,NULL
1454,synchronization,123,NULL,NULL
1457,vi,4,NULL,NULL
1461,admob,1,136726,136725
1463,advertisement,10,NULL,NULL
1464,game-development,183,145708,145707
1465,simulation,38,NULL,NULL
1466,demonstration,4,NULL,NULL
1468,internship,27,118903,118902
1472,ria,7,NULL,NULL
1473,clr,23,213249,213248
1474,protocol,58,NULL,NULL
1479,null,87,287778,287777
1485,junior-programmer,73,143945,143944
1492,friends,4,NULL,NULL
1493,database-design,840,84223,84222
1495,privacy,27,NULL,NULL
1500,mootools,3,NULL,NULL
1501,patterns-and-practices,220,NULL,NULL
1503,development-approach,20,NULL,NULL
1506,dependency-injection,401,138422,138421
1512,node.js,313,179334,179333
1521,high-level,22,227978,227977
1522,visual-studio-2008,4,NULL,NULL
1525,coupling,87,NULL,NULL
1527,http,222,182195,182194
1528,tcp,61,NULL,NULL
1531,online-identity,5,NULL,NULL
1535,web-design,40,132602,132601
1539,type-safety,24,NULL,NULL
1540,weak-typing,9,NULL,NULL
1543,localization,44,155224,155223
1547,copy-protection,19,313524,313523
1548,ironpython,4,NULL,NULL
1554,startup,51,137907,137906
1557,code-kata,4,NULL,NULL
1560,search,132,NULL,NULL
1561,law,15,283275,283274
1563,systems-analysis,30,335972,335971
1571,language-discussion,10,NULL,NULL
1572,command-line,50,339616,339615
1573,editor,14,NULL,NULL
1575,systems,6,347059,347058
1576,projects-and-solutions,48,NULL,NULL
1579,monad,38,NULL,NULL
1581,cucumber,23,229006,229005
1582,specflow,12,165151,165150
1583,xauth,2,NULL,NULL
1585,active-directory,18,NULL,NULL
1586,easter-eggs,2,NULL,NULL
1592,dom,28,NULL,NULL
1595,dsl,37,154830,154829
1596,runtime,48,167538,167537
1599,swing,50,NULL,NULL
1600,maintainability,115,163904,163903
1601,measurement,23,NULL,NULL
1604,change,17,NULL,NULL
1606,xna,5,NULL,NULL
1611,msbuild,13,NULL,NULL
1612,commandline-build-tool,8,NULL,NULL
1615,software-distribution,25,NULL,NULL
1617,transition,6,NULL,NULL
1620,utf-8,17,305446,305445
1621,character-encoding,44,NULL,NULL
1625,intellisense,8,166731,166730
1626,backward-compatibility,31,NULL,NULL
1631,file-extension,6,NULL,NULL
1632,closures,46,210094,210093
1638,hashing,117,229031,229030
1639,strategy,62,303125,303124
1642,r,25,191954,191953
1643,matlab,32,117272,117271
1645,user-experience,99,134615,134614
1647,rewrite,38,NULL,NULL
1652,generics,114,137504,137503
1653,system,26,NULL,NULL
1655,offshore,9,NULL,NULL
1656,bsd-license,98,NULL,NULL
1657,mit-license,155,178500,178499
1658,ecmascript,17,143967,143966
1660,industry-standard,14,NULL,NULL
1662,patents,13,263175,263174
1663,trademark,6,NULL,NULL
1664,evaluation,18,350559,350558
1666,iis,35,284715,284714
1667,virtual-machine,92,143889,143888
1670,python-3.x,77,196114,196113
1671,abstract-class,88,NULL,NULL
1674,x86,29,229033,229032
1677,knowledge-management,10,NULL,NULL
1678,knowledge-base,14,283671,283670
1679,sample,3,NULL,NULL
1681,firefox,20,144319,144318
1682,standards,137,117338,117337
1683,w3c,11,NULL,NULL
1684,count,5,NULL,NULL
1685,aggregate,55,322573,322572
1686,dbms,7,NULL,NULL
1687,web-scraping,27,NULL,NULL
1688,crawlers,5,NULL,NULL
1689,forms,24,NULL,NULL
1690,dictionary,40,NULL,NULL
1691,fortran,26,47884,47883
1693,export,12,NULL,NULL
1694,standard-library,15,NULL,NULL
1697,ssl,27,NULL,NULL
1704,intellectual-property,25,NULL,NULL
1705,date-format,28,NULL,NULL
1706,formatting,24,NULL,NULL
1707,ambiguity,8,NULL,NULL
1708,reflector,2,NULL,NULL
1709,windows-7,12,NULL,NULL
1710,joomla,9,NULL,NULL
1713,appstore,45,NULL,NULL
1714,image-manipulation,37,NULL,NULL
1716,engineering,81,167440,167439
1717,namespace,73,221527,221526
1718,file-storage,33,NULL,NULL
1719,class-design,284,166741,166740
1720,peopleware,5,NULL,NULL
1721,bpm,10,NULL,NULL
1723,business-process,17,NULL,NULL
1724,postfix,8,NULL,NULL
1727,development-environment,128,179344,179343
1737,certificate,17,307596,307595
1738,touchscreens,6,NULL,NULL
1739,asp.net-mvc-3,48,144111,144110
1740,code-snippets,7,NULL,NULL
1741,client-side,62,NULL,NULL
1742,server-side,80,167005,167004
1744,desktop-development,12,NULL,NULL
1750,unix,47,167346,167345
1751,color,19,NULL,NULL
1752,ipv6,5,NULL,NULL
1753,future-proof,13,233224,233223
1756,java-ee,133,130382,130381
1757,error-handling,192,144116,144115
1758,real-time,88,289153,289152
1761,repository,158,358721,358720
1763,human-factors,5,289028,289027
1765,noise,6,NULL,NULL
1766,caching,169,134625,134624
1767,issue-tracking,136,133720,133719
1768,backlog,10,167009,167008
1773,rational-unified-process,11,NULL,NULL
1779,content-management,16,NULL,NULL
1781,toolkit,3,NULL,NULL
1783,developer-tools,15,167527,167526
1786,client-relations,111,170233,170232
1791,natural-language-processing,34,115554,115553
1795,continuous-integration,252,108357,108356
1796,dependencies,125,NULL,NULL
1797,maven,69,91991,91990
1798,commercial,78,NULL,NULL
1801,visio,6,NULL,NULL
1803,finite-state-machine,63,NULL,NULL
1804,parsing,228,140916,140915
1805,hl7,6,47880,47879
1808,micro-isvs,3,NULL,NULL
1809,product-development,3,NULL,NULL
1813,object-oriented-design,1036,167007,167006
1815,ant,9,NULL,NULL
1816,xunit,7,NULL,NULL
1817,hudson,6,NULL,NULL
1818,integration-tests,159,78142,78141
1820,doctrine,13,NULL,NULL
1822,clojure,84,79138,79137
1826,microsoft-access,18,NULL,NULL
1827,neural-networks,36,NULL,NULL
1832,wording,11,NULL,NULL
1833,windows-registry,6,NULL,NULL
1835,ocaml,10,NULL,NULL
1836,numerical-equations,7,NULL,NULL
1838,software-obsolescence,5,NULL,NULL
1844,inversion-of-control,56,218991,218990
1845,ioc-containers,38,NULL,NULL
1846,machine-learning,88,110031,110030
1847,c99,10,67587,67586
1854,prolog,21,199413,199412
1855,proprietary,20,167546,167545
1857,storage,92,171061,171060
1858,linux-kernel,15,NULL,NULL
1861,negotiation,7,NULL,NULL
1862,jenkins,49,119309,119308
1864,apache-license,96,242880,242879
1867,ssd,3,NULL,NULL
1869,bcl,5,NULL,NULL
1870,couchdb,12,180646,180645
1871,mpl,21,206740,206739
1872,layers,106,167534,167533
1874,forum,4,NULL,NULL
1879,delegates,42,NULL,NULL
1881,memory,212,179340,179339
1882,initialization,41,NULL,NULL
1883,default-values,10,NULL,NULL
1884,journal,4,NULL,NULL
1885,im,2,NULL,NULL
1888,gpu,19,NULL,NULL
1891,n-tier,66,NULL,NULL
1897,stack-oriented,6,NULL,NULL
1898,rdms,4,NULL,NULL
1899,decompile,7,235647,235646
1900,scrum-master,23,306498,306497
1903,api-design,514,163390,163389
1908,browser-compatibility,23,NULL,NULL
1909,code-metrics,24,NULL,NULL
1910,cyclomatic-complexity,25,NULL,NULL
1911,tests,16,NULL,NULL
1914,resharper,13,NULL,NULL
1915,linux-development,14,NULL,NULL
1917,sql-server-ce,2,NULL,NULL
1918,sp1,2,NULL,NULL
1920,systems-programming,16,NULL,NULL
1924,rss,9,NULL,NULL
1925,atom,5,NULL,NULL
1930,spreadsheet,9,NULL,NULL
1931,excel,40,NULL,NULL
1932,hadoop,22,213246,213245
1940,cli,20,142046,142045
1942,multilingual,10,NULL,NULL
1944,imperative-languages,9,167350,167349
1945,ibm,8,NULL,NULL
1948,logic-programming,20,NULL,NULL
1951,feature-requests,13,NULL,NULL
1954,prefix,7,NULL,NULL
1964,polyglot,7,NULL,NULL
1970,workflow-foundation,10,NULL,NULL
1978,company,17,NULL,NULL
1981,3d,29,225451,225450
1982,animation,18,NULL,NULL
1983,reading-code,12,NULL,NULL
1985,service-bus,27,NULL,NULL
1986,leadership,11,NULL,NULL
1987,automatic-update,10,NULL,NULL
1991,code-sample,7,NULL,NULL
1992,continuous-delivery,66,64079,64078
1994,grid-computing,6,NULL,NULL
1996,tomcat,36,126828,126827
1997,postgres,71,NULL,NULL
1998,hibernate,66,NULL,NULL
2000,creative-commons,34,NULL,NULL
2002,stm,3,188241,188240
2006,symfony,26,349039,349038
2011,comet,6,NULL,NULL
2012,push,17,NULL,NULL
2015,cloud-computing,121,133724,133723
2016,bitwise-operators,43,227963,227962
2032,lua,28,67159,67158
2033,binding,27,NULL,NULL
2034,sicp,12,181165,181164
2040,gitflow,72,178198,178197
2041,pure-oop,8,NULL,NULL
2044,ssis,10,286501,286500
2045,closed-source,61,NULL,NULL
2053,backups,29,145719,145718
2055,markup,17,NULL,NULL
2057,escaping,9,NULL,NULL
2058,lamp,14,NULL,NULL
2065,relational-database,197,NULL,NULL
2069,stub,10,NULL,NULL
2072,extreme-programming,56,169866,169865
2074,file-systems,75,284711,284710
2076,document,13,NULL,NULL
2081,tsql,25,NULL,NULL
2083,interfaces,490,163468,163467
2085,extensibility,36,NULL,NULL
2086,design-decisions,17,NULL,NULL
2088,crm,9,287202,287201
2103,permissions,63,NULL,NULL
2104,authorization,82,NULL,NULL
2110,data-warehouse,22,NULL,NULL
2111,trust,5,NULL,NULL
2116,technical-manuals,2,NULL,NULL
2120,ada,7,99215,99214
2128,adobe,4,225453,225452
2133,playframework,13,NULL,NULL
2137,role,7,NULL,NULL
2138,division-of-labor,7,312719,312718
2139,test-automation,43,NULL,NULL
2140,reporting,42,NULL,NULL
2141,report-generation,11,NULL,NULL
2143,information-presentation,7,NULL,NULL
2145,multithreading,472,170236,170235
2148,risk,9,NULL,NULL
2149,stl,25,124565,124564
2150,boost,21,NULL,NULL
2154,json,259,176213,176212
2155,csdp,3,105633,105632
2159,struts,5,NULL,NULL
2161,upgrade,16,NULL,NULL
2162,schema,65,NULL,NULL
2166,duck-typing,20,NULL,NULL
2176,extension-method,11,NULL,NULL
2179,cross-browser,16,NULL,NULL
2180,oauth,45,NULL,NULL
2181,authentication,223,286895,286894
2184,ubuntu,20,118634,118633
2186,text-encoding,19,NULL,NULL
2189,tablets,7,NULL,NULL
2196,configuration-management,76,308017,308016
2201,bug-report,31,202553,202552
2203,retrospective,8,289539,289538
2210,geospatial,23,NULL,NULL
2224,sql-injection,12,NULL,NULL
2227,hierarchy,42,NULL,NULL
2228,tagging,20,360678,360677
2232,scope,63,NULL,NULL
2237,release-management,122,179352,179351
2238,blackberry,4,NULL,NULL
2239,ado.net,10,NULL,NULL
2240,transaction,63,NULL,NULL
2242,eula,12,NULL,NULL
2248,rad,11,92651,92650
2252,service,49,339561,339560
2262,secure-coding,12,NULL,NULL
2266,np-complete,7,NULL,NULL
2268,windows-8,36,122868,122867
2276,fpa,6,162493,162492
2278,query,48,NULL,NULL
2282,numeric-precision,29,NULL,NULL
2284,msdn,7,NULL,NULL
2285,model,86,290723,290722
2286,modelling,19,NULL,NULL
2287,xslt,19,NULL,NULL
2290,redis,43,134332,134331
2293,pagination,22,158111,158110
2303,jira,35,287617,287616
2315,program,9,NULL,NULL
2317,defensive-programming,19,212783,212782
2324,mvp,93,224731,224730
2325,chat,20,NULL,NULL
2327,soap,46,222401,222400
2334,codefirst,16,NULL,NULL
2336,immutability,124,NULL,NULL
2348,defect,18,NULL,NULL
2353,ftp,13,310215,310214
2358,cqrs,110,123520,123519
2363,parallel-programming,49,NULL,NULL
2367,login,62,NULL,NULL
2368,final,19,NULL,NULL
2374,csda,3,89713,89712
2375,business-intelligence,14,NULL,NULL
2378,case-insensitivity,4,NULL,NULL
2380,audit,18,NULL,NULL
2383,trees,127,NULL,NULL
2386,text-processing,40,NULL,NULL
2388,pdf,21,NULL,NULL
2395,access-control,40,NULL,NULL
2396,cocoa,13,NULL,NULL
2399,array,183,312202,312201
2404,user-interaction,9,NULL,NULL
2407,risk-assesment,5,NULL,NULL
2409,properties,73,NULL,NULL
2414,geometry,56,NULL,NULL
2420,auto-completion,8,NULL,NULL
2423,normalization,42,206994,206993
2432,verification,40,NULL,NULL
2435,server,189,166830,166829
2436,webforms,48,NULL,NULL
2441,assessment,4,NULL,NULL
2444,type-conversion,20,NULL,NULL
2447,designer,4,NULL,NULL
2449,ooad,16,159190,159189
2452,error-detection,15,NULL,NULL
2454,translate,19,NULL,NULL
2457,pascal,19,159117,159116
2462,d,7,244468,244467
2465,user-story,122,112132,112131
2469,non-disclosure-agreement,10,NULL,NULL
2470,http-request,64,NULL,NULL
2471,http-response,33,NULL,NULL
2473,dao,42,213079,213078
2475,task,19,212420,212419
2477,web-crawler,20,NULL,NULL
2478,wikipedia,7,NULL,NULL
2479,numbers,58,NULL,NULL
2482,definition,46,199601,199600
2488,octal,3,NULL,NULL
2495,ooda,2,NULL,NULL
2497,cmake,17,299352,299351
2499,architectural-patterns,153,NULL,NULL
2502,object,76,NULL,NULL
2503,class,210,285120,285119
2507,big-theta,6,NULL,NULL
2510,project-planning,30,289541,289540
2513,genetic-algorithms,41,258582,258581
2518,manual-testing,11,NULL,NULL
2524,agpl,46,NULL,NULL
2528,system-architecture,8,NULL,NULL
2529,payment,21,260214,260213
2531,multiple-inheritance,39,NULL,NULL
2533,sinatra,5,NULL,NULL
2534,class-diagram,86,158165,158164
2537,reflection,40,NULL,NULL
2538,c++11,152,179503,179502
2542,phpstorm,3,102655,102654
2551,sdk,22,102657,102656
2557,barcode,5,102082,102081
2558,career-development,71,102202,102201
2560,custom-control,5,NULL,NULL
2565,product-backlog,22,112126,112125
2569,use-case,98,229041,229040
2578,dry,99,109266,109265
2579,domain-specific-languages,10,344716,344715
2580,automatic-programming,5,NULL,NULL
2583,membership-provider,3,NULL,NULL
2586,razor,10,156444,156443
2587,multitasking,11,NULL,NULL
2592,order,14,NULL,NULL
2593,map,49,NULL,NULL
2594,visualization,16,NULL,NULL
2595,static-methods,66,NULL,NULL
2596,integration,52,NULL,NULL
2597,unit-of-work,30,NULL,NULL
2598,cost-estimation,26,NULL,NULL
2600,rationale,2,NULL,NULL
2608,cocomo,8,NULL,NULL
2609,flow,15,NULL,NULL
2612,p2p,15,NULL,NULL
2617,multi-platform,25,303417,303416
2619,roles,33,NULL,NULL
2623,networks,46,167344,167343
2625,observer-pattern,60,NULL,NULL
2629,visual-foxpro,4,NULL,NULL
2636,metro,17,166710,166709
2637,winrt,15,108544,108543
2638,suffix-trees,3,NULL,NULL
2647,https,19,336823,336822
2648,exception-handling,144,278493,278492
2652,files,49,NULL,NULL
2653,compression,47,NULL,NULL
2654,indexing,49,NULL,NULL
2656,code-security,23,NULL,NULL
2657,flask,14,NULL,NULL
2659,threading,12,NULL,NULL
2660,multitenancy,36,NULL,NULL
2661,android-development,82,156965,156964
2663,latency,18,NULL,NULL
2667,make,18,NULL,NULL
2669,event-programming,148,110888,110887
2671,sequence-diagram,38,NULL,NULL
2673,graph-traversal,43,NULL,NULL
2676,directory-structure,33,235302,235301
2680,shell,39,143948,143947
2689,knowledge-transfer,65,235214,235213
2691,declarations,13,NULL,NULL
2694,case-tools,3,NULL,NULL
2697,video,28,NULL,NULL
2698,awt,3,NULL,NULL
2699,xmlhttprequest,14,NULL,NULL
2700,presentation-model,5,NULL,NULL
2702,compatibility,20,NULL,NULL
2703,modern,5,NULL,NULL
2705,web-servers,25,NULL,NULL
2707,ml,2,NULL,NULL
2709,adapter,14,NULL,NULL
2710,mongo,16,133787,133786
2713,document-databases,26,NULL,NULL
2714,stack,66,285043,285042
2715,heap,46,NULL,NULL
2716,crud,32,240778,240777
2718,word,10,NULL,NULL
2719,fragmentation,4,NULL,NULL
2720,allocation,22,NULL,NULL
2721,malloc,15,NULL,NULL
2722,procedural,31,179511,179510
2726,svg,5,279738,279737
2729,cvs,6,216782,216781
2733,dart,12,164614,164613
2734,coffeescript,12,131188,131187
2737,forking,46,NULL,NULL
2739,xpath,4,NULL,NULL
2741,prince2,3,NULL,NULL
2744,random,105,301774,301773
2750,thread,20,NULL,NULL
2752,eai,5,NULL,NULL
2758,junit,37,NULL,NULL
2759,speed,40,NULL,NULL
2761,explicit,5,NULL,NULL
2763,virtual-machine-languages,6,NULL,NULL
2765,structured-programming,12,200670,200669
2767,imperative-programming,25,NULL,NULL
2777,test-management,5,120712,120711
2778,requirements-management,56,120714,120713
2794,heuristics,14,NULL,NULL
2795,large-scale-project,25,NULL,NULL
2798,task-organization,24,170200,170199
2802,graph,149,126707,126706
2804,generalization,4,NULL,NULL
2806,embedded-systems,127,162232,162231
2807,dynamic-inheritance,4,NULL,NULL
2811,computer-vision,18,229029,229028
2815,byte,25,NULL,NULL
2816,mariadb,4,279736,279735
2825,revisions,3,NULL,NULL
2827,polling,31,206932,206931
2828,io,70,199411,199410
2840,single-responsibility,180,232173,232172
2841,coldfusion,11,199641,199640
2844,buffers,14,NULL,NULL
2845,polymorphism,122,NULL,NULL
2846,event-sourcing,93,NULL,NULL
2851,event,38,NULL,NULL
2854,usb,11,128048,128047
2856,javadocs,21,NULL,NULL
2866,mixins,14,NULL,NULL
2867,com,15,155003,155002
2868,extjs,10,NULL,NULL
2869,quotations,6,123419,123418
2871,big-data,51,NULL,NULL
2873,canvas,26,NULL,NULL
2874,deprecation,19,167544,167543
2875,machine-code,23,232710,232709
2876,dynamic-programming,61,159150,159149
2881,felix,2,128007,128006
2888,exit-strategy,4,NULL,NULL
2890,routing,38,NULL,NULL
2892,editor-navigation,3,333641,333640
2894,graph-databases,28,NULL,NULL
2897,dijkstra,9,NULL,NULL
2900,crystal-reports,3,NULL,NULL
2901,ssrs,4,206260,206259
2902,dynamic-data,7,NULL,NULL
2905,linking,30,NULL,NULL
2907,cmmi,10,134180,134179
2913,website-performance,18,NULL,NULL
2915,taocp,6,182092,182091
2916,boolean,46,NULL,NULL
2917,logic,41,NULL,NULL
2919,install,4,NULL,NULL
2921,memcached,13,NULL,NULL
2922,lexer,37,128009,128008
2924,stacktrace,2,NULL,NULL
2933,linked-list,31,NULL,NULL
2936,parser-combinator,5,NULL,NULL
2939,server-security,10,NULL,NULL
2943,gettext,5,272692,272691
2957,method-overloading,25,NULL,NULL
2959,uuid,15,NULL,NULL
2960,sms,10,NULL,NULL
2963,component,36,NULL,NULL
2964,sql-azure,7,NULL,NULL
2973,technical-writing,7,235308,235307
2976,personal-software-process,2,131301,131300
2978,dynamic-languages,16,NULL,NULL
2987,ioc,45,201764,201763
2989,rendering,14,NULL,NULL
2992,turing-completeness,21,NULL,NULL
2995,effort,5,NULL,NULL
2996,warranty,3,NULL,NULL
2997,wizard,4,NULL,NULL
2998,literate-programming,5,132745,132744
3005,cgi,12,167542,167541
3009,view,31,NULL,NULL
3010,design-by-contract,23,171661,171660
3012,process-improvement,9,NULL,NULL
3013,session,79,NULL,NULL
3015,perforce,10,NULL,NULL
3018,sharding,6,NULL,NULL
3019,gtk,8,NULL,NULL
3027,keys,15,256328,256327
3040,biztalk,4,261061,261060
3042,serialization,98,158550,158549
3045,return-type,39,NULL,NULL
3046,cron,21,NULL,NULL
3052,conventions,92,NULL,NULL
3063,asp.net-mvc-4,57,188573,188572
3068,arm,14,294256,294255
3075,high-performance,21,305475,305474
3078,mongodb,133,180649,180648
3079,rules-engine,18,NULL,NULL
3084,google-closure,3,NULL,NULL
3085,ontology,2,NULL,NULL
3086,semantic-web,10,139781,139780
3090,process,59,NULL,NULL
3092,workload-estimation,9,205965,205964
3101,state,89,NULL,NULL
3110,software-patches,15,NULL,NULL
3114,annotations,26,NULL,NULL
3116,lucene,13,213244,213243
3123,code-ownership,18,187224,187223
3124,scm,24,216777,216776
3127,entry-point,9,NULL,NULL
3128,document-management,6,NULL,NULL
3131,endianness,12,NULL,NULL
3132,build-system,50,310276,310275
3133,team-foundation-server,127,179332,179331
3139,websockets,71,223481,223480
3141,rule-of-three,5,NULL,NULL
3144,cookies,37,NULL,NULL
3146,monkey-patch,4,NULL,NULL
3147,css3,21,NULL,NULL
3149,dataflow,17,NULL,NULL
3150,signals,8,NULL,NULL
3152,graphical-code,3,NULL,NULL
3153,firmware,8,NULL,NULL
3156,cvcs,8,NULL,NULL
3164,delivery,7,NULL,NULL
3168,healthcare,7,NULL,NULL
3170,message-passing,25,NULL,NULL
3176,object-pascal,3,NULL,NULL
3180,csv,18,NULL,NULL
3184,open-close,28,NULL,NULL
3185,help-documentation,7,NULL,NULL
3195,heatmap,2,NULL,NULL
3196,asm,6,NULL,NULL
3197,locks,47,290177,290176
3199,loops,120,167355,167354
3200,const,30,NULL,NULL
3204,ascii,14,NULL,NULL
3210,method-chaining,29,NULL,NULL
3216,rpc,16,NULL,NULL
3222,continuation,9,NULL,NULL
3229,image,37,NULL,NULL
3232,analytics,25,289151,289150
3235,gerrit,6,153210,153209
3236,sqlite,45,287945,287944
3241,ninject,12,NULL,NULL
3242,integration-testing,20,NULL,NULL
3244,keywords,20,NULL,NULL
3246,practical-application,5,NULL,NULL
3249,queue,35,NULL,NULL
3251,client,44,166832,166831
3253,naming-standards,96,185358,185357
3258,function-point,5,NULL,NULL
3259,data-modeling,60,NULL,NULL
3260,url,34,NULL,NULL
3263,minify,6,NULL,NULL
3264,legacy-code,52,234979,234978
3266,spring-mvc,39,NULL,NULL
3276,development,27,NULL,NULL
3281,heroku,13,NULL,NULL
3286,ceylon,1,196645,196644
3289,arithmetic,24,NULL,NULL
3290,separation-of-concerns,96,354476,354475
3291,include,13,NULL,NULL
3292,data-replication,23,NULL,NULL
3294,tail-call,13,NULL,NULL
3308,oauth2,55,NULL,NULL
3315,space-technology,8,NULL,NULL
3316,vba,21,NULL,NULL
3317,algebraic-data-type,9,NULL,NULL
3319,merging,53,304920,304919
3321,analogy,7,NULL,NULL
3323,jsf,20,NULL,NULL
3328,brookslaw,2,NULL,NULL
3344,dynamic-linking,16,167419,167418
3348,evidence-based,4,NULL,NULL
3368,data-flow-diagram,4,167413,167412
3369,local-storage,14,NULL,NULL
3373,calculus,4,NULL,NULL
3379,modern-ui,1,166708,166707
3380,visual-studio-2012,11,166721,166720
3382,bitbucket,13,173568,173567
3383,typescript,38,167214,167213
3384,cohesion,11,NULL,NULL
3389,riak,1,179529,179528
3391,factor,3,NULL,NULL
3392,forth,4,NULL,NULL
3393,memory-usage,72,NULL,NULL
3396,attribution,14,NULL,NULL
3418,multiprocessing,14,NULL,NULL
3425,hmac,8,NULL,NULL
3426,feasibility,5,171446,171445
3429,algorithm-analysis,84,336375,336374
3430,image-processing,44,NULL,NULL
3434,powershell,9,NULL,NULL
3435,collections,89,NULL,NULL
3436,higher-order-functions,20,221064,221063
3440,windows-phone-8,12,NULL,NULL
3445,dependency-management,82,NULL,NULL
3447,functional-testing,35,NULL,NULL
3448,dynamic,19,NULL,NULL
3453,principles,9,NULL,NULL
3454,sip,5,NULL,NULL
3458,asynchronous-programming,117,NULL,NULL
3466,currying,12,177351,177350
3476,java8,57,189581,189580
3487,static-keyword,6,NULL,NULL
3489,static-access,29,180127,180126
3490,static-linking,16,180260,180259
3491,cloud,25,344857,344856
3500,yii,3,181105,181104
3505,jboss,6,NULL,NULL
3506,asp.net-mvc-web-api,64,NULL,NULL
3514,srs,6,NULL,NULL
3515,common-lisp,20,223207,223206
3519,filtering,25,NULL,NULL
3523,visitor-pattern,20,NULL,NULL
3524,phpunit,19,202709,202708
3528,akka,27,202106,202105
3532,feature-creep,4,NULL,NULL
3541,rebol,5,187988,187987
3543,joda-time,2,NULL,NULL
3551,burndown,8,NULL,NULL
3569,generic-programming,16,294262,294261
3574,update,8,NULL,NULL
3575,sublime-text,3,NULL,NULL
3578,out-parameters,4,NULL,NULL
3579,mutable,18,NULL,NULL
3586,floating-point,55,NULL,NULL
3587,warnings,11,NULL,NULL
3592,lisp-machine,2,223705,223704
3595,operator-precedence,12,NULL,NULL
3600,cdn,6,205274,205273
3602,ember.js,7,NULL,NULL
3605,bit,20,NULL,NULL
3606,camelcase,6,196418,196417
3608,factory-method,46,NULL,NULL
3610,3rd-party,6,NULL,NULL
3611,value-object,19,NULL,NULL
3614,uncle-bob,19,218449,218448
3620,vbscript,2,203127,203126
3621,sgml,2,198518,198517
3627,ssa,1,200866,200865
3628,redirect,7,NULL,NULL
3630,protobuf,8,205553,205552
3631,constructors,97,NULL,NULL
3635,responsive-design,18,NULL,NULL
3637,register,11,NULL,NULL
3638,globals,49,NULL,NULL
3644,upload,11,203125,203124
3651,information-theory,5,NULL,NULL
3660,hateoas,19,203815,203814
3661,surrogate-keys,6,NULL,NULL
3662,interoperability,15,NULL,NULL
3664,solr,4,205549,205548
3667,pull-requests,35,NULL,NULL
3670,malicious-code,3,205545,205544
3671,plugin-architecture,27,NULL,NULL
3672,producer-consumer,15,NULL,NULL
3673,parameters,98,204634,204633
3678,luajit,1,205547,205546
3680,asn.1,2,326215,326214
3682,dogfooding,11,205875,205874
3686,opencl,4,NULL,NULL
3691,web-api,159,NULL,NULL
3694,jee,7,337614,337613
3715,common-lisp-object-system,1,223703,223702
3716,bundling,7,NULL,NULL
3719,ravendb,5,NULL,NULL
3723,apache-kafka,19,210661,210660
3724,asp-classic,12,210736,210735
3730,google-guice,8,211266,211265
3732,data-integrity,13,NULL,NULL
3739,gnu,20,NULL,NULL
3745,activerecord,10,NULL,NULL
3746,queueing,11,NULL,NULL
3751,drivers,17,NULL,NULL
3757,semantic-versioning,58,285365,285364
3759,thrift,2,223145,223144
3761,static,44,NULL,NULL
3762,instance,16,NULL,NULL
3763,raii,11,251037,251036
3766,loc,4,216501,216500
3776,angularjs,194,222848,222847
3777,language-specifications,6,235470,235469
3778,docker,41,219236,219235
3780,computation-expressions,7,NULL,NULL
3786,string-matching,27,NULL,NULL
3788,boxing,5,223444,223443
3789,c11,3,223487,223486
3793,offline,11,287950,287949
3795,indexeddb,7,NULL,NULL
3801,date-patterns,6,NULL,NULL
3807,aws,42,223484,223483
3808,unit-test-data,4,NULL,NULL
3811,chess,18,223894,223893
3812,racket,6,223438,223437
3818,laravel,78,223662,223661
3819,apache2,7,NULL,NULL
3825,client-server,127,NULL,NULL
3826,bootstrap,21,224093,224092
3827,firefoxos,1,225448,225447
3832,preferences,5,224851,224850
3833,settings,21,NULL,NULL
3839,pci,8,226627,226626
3842,phantomjs,2,228434,228433
3843,currency,5,NULL,NULL
3844,command-message,8,NULL,NULL
3850,perceptron,2,229010,229009
3854,package-managers,22,NULL,NULL
3855,uri,19,NULL,NULL
3857,brainfuck,4,237191,237190
3866,bytecode,18,NULL,NULL
3867,jre,3,NULL,NULL
3874,orchestration,4,NULL,NULL
3882,polyfill,3,NULL,NULL
3885,if-statement,19,234336,234335
3890,dispatch,5,NULL,NULL
3896,gitlab,10,237255,237254
3901,huffman-encoding,10,NULL,NULL
3906,hooks,11,NULL,NULL
3919,decorator,21,240283,240282
3920,factory,46,NULL,NULL
3924,template-method,12,241076,241075
3926,lambda-calculus,10,NULL,NULL
3929,swift-language,65,242867,242866
3932,circular-dependency,24,NULL,NULL
3934,yaml,4,244839,244838
3935,pure-function,22,244923,244922
3936,poco,6,250298,250297
3938,calling-conventions,8,NULL,NULL
3939,osgi,4,NULL,NULL
3942,compilation,45,NULL,NULL
3944,purescript,1,246441,246440
3948,typeclass,6,NULL,NULL
3950,es6,24,NULL,NULL
3951,windows-runtime,1,247420,247419
3953,cross-language,3,250062,250061
3961,elasticsearch,19,251817,251816
3963,reactive,26,NULL,NULL
3966,file-formats,7,253102,253101
3967,metadata,9,326509,326508
3973,distributed-system,39,NULL,NULL
3984,rspec,6,NULL,NULL
3989,type-theory,3,NULL,NULL
3991,combinatorics,27,256369,256368
3996,rake,2,NULL,NULL
3997,finally,5,257783,257782
3999,domain-name-system,8,258145,258144
4000,sql-domain,2,NULL,NULL
4001,domain-objects,11,NULL,NULL
4011,amd,4,NULL,NULL
4017,notify,2,NULL,NULL
4020,subtypes,5,NULL,NULL
4026,either,4,NULL,NULL
4030,bamboo,5,NULL,NULL
4031,matrices,19,NULL,NULL
4035,microservices,225,318683,318682
4036,modularization,21,NULL,NULL
4040,blob,7,NULL,NULL
4044,trait,13,NULL,NULL
4045,delegation,10,NULL,NULL
4050,gradle,13,NULL,NULL
4051,nuget,20,333614,333613
4052,rust,15,290552,290551
4056,dto,26,NULL,NULL
4058,posix,9,NULL,NULL
4059,eventual-consistency,18,NULL,NULL
4061,stream-processing,45,286893,286892
4066,argparse,4,NULL,NULL
4068,io.js,2,270506,270505
4071,strong-typing,4,NULL,NULL
4072,setters,16,283995,283994
4077,webgl,3,279730,279729
4079,functional-requirements,10,NULL,NULL
4081,lookup,9,NULL,NULL
4093,aot,2,285997,285996
4094,nginx,15,275253,275252
4095,load-balancing,17,NULL,NULL
4100,bios,5,NULL,NULL
4101,abi,5,277626,277625
4111,pipelining,9,NULL,NULL
4114,ms-dos,3,NULL,NULL
4123,cygwin,2,279728,279727
4126,less,3,344258,344257
4127,telerik,1,279649,279648
4128,ip-address,10,279671,279670
4136,undefined-behavior,10,NULL,NULL
4140,asp.net-mvc5,22,NULL,NULL
4143,devops,31,NULL,NULL
4144,operations,3,NULL,NULL
4147,virtual-functions,13,NULL,NULL
4150,blocking-function-call,4,NULL,NULL
4156,reference-counting,4,NULL,NULL
4164,golang,15,295156,295155
4169,type,11,NULL,NULL
4173,asynchronous,17,NULL,NULL
4175,rating-systems,2,NULL,NULL
4176,ranking-systems,5,NULL,NULL
4179,reactjs,47,NULL,NULL
4180,path,10,NULL,NULL
4181,builder-pattern,22,NULL,NULL
4183,controller,16,360648,360647
4185,mumps,2,NULL,NULL
4186,shunting-yard,4,NULL,NULL
4194,furps+,2,290816,290815
4196,behat,3,NULL,NULL
4197,hexadecimal,4,NULL,NULL
4201,this,5,NULL,NULL
4202,windows-10,4,NULL,NULL
4203,windows-phone-8.1,2,NULL,NULL
4204,uwp,4,NULL,NULL
4205,gtest,3,293946,293945
4206,change-management,6,NULL,NULL
4221,linguistics,2,NULL,NULL
4225,end-to-end,3,NULL,NULL
4226,monitoring,14,NULL,NULL
4230,fossil,2,NULL,NULL
4235,onion-architecture,16,NULL,NULL
4236,path-finding,9,NULL,NULL
4237,a-star,3,NULL,NULL
4247,vliw,1,302131,302130
4248,callbacks,21,360337,360336
4249,promises,18,NULL,NULL
4250,backend,39,NULL,NULL
4254,service-locator,6,NULL,NULL
4255,abstract-factory,13,NULL,NULL
4261,proxy,9,NULL,NULL
4262,dependency-inversion,20,311682,311681
4272,esb,4,NULL,NULL
4273,camel,2,325894,325893
4274,mongoose,5,340646,340645
4277,subclassing,9,NULL,NULL
4279,curry,1,307854,307853
4281,virtual-inheritance,2,NULL,NULL
4286,matrix,10,NULL,NULL
4298,notifications,10,NULL,NULL
4302,flux,4,NULL,NULL
4308,native,5,NULL,NULL
4309,wrapper,10,NULL,NULL
4317,unity3d,11,NULL,NULL
4320,hashtable,9,NULL,NULL
4322,hiphop,1,314588,314587
4323,liskov-substitution,48,315489,315488
4325,redux,23,NULL,NULL
4326,overriding,7,NULL,NULL
4328,multiple-dispatch,3,NULL,NULL
4329,google-cloud-datastore,8,315856,315855
4331,pthreads,3,NULL,NULL
4333,law-of-demeter,4,NULL,NULL
4335,pac,2,NULL,NULL
4338,appcache,2,NULL,NULL
4339,service-workers,6,NULL,NULL
4340,unique-data,6,NULL,NULL
4353,xamarin,14,NULL,NULL
4357,store,5,NULL,NULL
4359,typedef,5,NULL,NULL
4361,hypermedia,1,324845,324844
4366,apache-storm,2,NULL,NULL
4369,non-functional,2,NULL,NULL
4371,dapper,2,NULL,NULL
4373,open-closed-principle,9,NULL,NULL
4380,batch,3,330432,330431
4382,selenium-webdriver,2,NULL,NULL
4387,openapi,1,329860,329859
4388,email-ingestion,2,NULL,NULL
4395,read-only,2,NULL,NULL
4398,npm,9,NULL,NULL
4400,antibugging,2,331999,331998
4402,statement,2,NULL,NULL
4406,angular2,22,NULL,NULL
4407,getters,7,NULL,NULL
4417,facade,5,NULL,NULL
4418,robotframework,1,337631,337630
4419,.net-core,12,358882,358881
4424,spark,6,NULL,NULL
4425,paging,2,NULL,NULL
4428,lustre,1,336189,336188
4429,python-3,3,337627,337626
4430,geolocation,5,NULL,NULL
4432,swagger,3,336771,336770
4435,dynamic-analysis,2,NULL,NULL
4444,compile-time,5,NULL,NULL
4446,fail-fast,2,NULL,NULL
4449,test-scenarios,2,NULL,NULL
4454,semaphore,3,NULL,NULL
4455,mutex,3,NULL,NULL
4457,duplicate-keys,2,NULL,NULL
4459,asp.net-core,26,NULL,NULL
4460,submodules,3,NULL,NULL
4462,data-binding,2,NULL,NULL
4466,segmentation,2,NULL,NULL
4467,elm,2,NULL,NULL
4471,react,11,NULL,NULL
4472,weak-references,3,NULL,NULL
4478,untagged,1,360320,360319
4480,large-scale-scrum,1,344260,344259
4481,scaled-agile-framework,1,344262,344261
4483,boolean-logic,3,NULL,NULL
4487,event-handling,7,NULL,NULL
4491,logical-operator,3,NULL,NULL
4493,c++14,9,347343,347342
4494,constants,2,NULL,NULL
4496,default-method,1,347722,347721
4502,information-modelling,1,NULL,NULL
4503,relational-modelling,3,NULL,NULL
4504,table-design,1,NULL,NULL
4505,xsd,2,NULL,NULL
4509,webpack,2,NULL,NULL
4510,abac,1,351623,351622
4513,servlet,2,NULL,NULL
4514,clustering,1,NULL,NULL
4515,correlation,2,NULL,NULL
4521,ocl,2,352643,352642
4523,class-responsibility-card,1,NULL,NULL
4524,data-access,2,NULL,NULL
4525,google-maps,2,NULL,NULL
4526,factory-pattern,5,NULL,NULL
4529,iot,2,356907,356906
4532,react-native,1,356905,356904
4533,jwt,10,356826,356825
4534,metadata-driven-architecture,1,NULL,NULL
4536,xen-hypervisor,1,NULL,NULL
4538,containers,1,NULL,NULL
4547,e2e-test,1,NULL,NULL
4548,kpi,1,NULL,NULL
4550,specification-by-example,1,NULL,NULL
4551,repository-pattern,22,NULL,NULL
4553,presenter,1,NULL,NULL
4557,cqs,1,NULL,NULL
4558,space,1,NULL,NULL
4559,voyager,1,NULL,NULL
4560,scaling,1,NULL,NULL
